{
    "loss": 0.6412138342857361,
    "accuracy": 0.7994561791419983,
    "auc": 0.8240547776222229,
    "precision": 0.9128205180168152,
    "recall": 0.390350878238678,
    "f1_score": 0.5468509584594082
}